Child,Parent
Masjid Nurul Bilad Kuta Mandalika,Kuta Mandalika
Novotel Lombok Resort and Villas,Kuta Mandalika
Tanjung Aan,Kuta Mandalika
Masjid Nurul Bilad Kuta Mandalika,Desa Sade
Desa Setanggor,Desa Sade
Kuta Mandalika,Tanjung Aan
Masjid Nurul Bilad Kuta Mandalika,Tanjung Aan
Taman Wisata Alam Bukit Tunak,Tanjung Aan
Bukit Merese,Tanjung Aan
Novotel Lombok Resort and Villas,Tanjung Aan
Tanjung Aan,Bukit Merese
Tanjung Aan,Masjid Nurul Bilad Kuta Mandalika
Kuta Mandalika,Masjid Nurul Bilad Kuta Mandalika
Novotel Lombok Resort and Villas,Masjid Nurul Bilad Kuta Mandalika
Desa Sade,Masjid Nurul Bilad Kuta Mandalika
Taman Wisata Alam Bukit Tunak,Novotel Lombok Resort and Villas
Kuta Mandalika,Novotel Lombok Resort and Villas
Masjid Nurul Bilad Kuta Mandalika,Novotel Lombok Resort and Villas
Tanjung Aan,Novotel Lombok Resort and Villas
Desa Sade,Desa Setanggor
Kerajinan Tenun Desa Sukarara,Desa Setanggor
Tanjung Aan,Taman Wisata Alam Bukit Tunak
Novotel Lombok Resort and Villas,Taman Wisata Alam Bukit Tunak
Bukit Malaka,Kota Tua Ampenan
Islamic Center NTB,Kota Tua Ampenan
Pantai Kerandangan,Kota Tua Ampenan
Pantai Malimbu ,Pantai Senggigi
Pantai Kerandangan,Pantai Senggigi
Pantai Malimbu,Bukit Malimbu
Pantai Senggigi,Pantai Kerandangan
Kota Tua Ampenan,Pantai Kerandangan
Taman Wisata Alam Suranadi,Pantai Kerandangan
Taman Langit,Pantai Kerandangan
Taman Wisata Alam Suranadi,Islamic Center NTB
Kota Tua Ampenan,Islamic Center NTB
Rumah Adat Karang Bayan,Islamic Center NTB
Taman Langit,Islamic Center NTB
Kerajinan Tenun Desa Sukarara,Islamic Center NTB
Gili Air,Pantai Malimbu
Pantai Senggigi,Pantai Malimbu
Bukit Malimbu,Pantai Malimbu
Bukit Malaka,Pantai Malimbu
Taman Wisata Alam Suranadi,Pantai Malimbu
Kerajinan Tenun Desa Sukarara,Taman Langit
Islamic Center NTB,Taman Langit
Pantai Kerandangan,Taman Langit
Rumah Adat Karang Bayan,Taman Langit
Taman Wisata Alam Suranadi,Wisata Alam Aiknyet
Pantai Malimbu,Bukit Malaka
Gili Air, Bukit Malaka
Air Terjun Sendang Gile,Bukit Malaka
Kota Tua Ampenan,Bukit Malaka
Islamic Center NTB,Kerajinan Tenun Desa Sukarara
Taman Wisata Alam Suranadi,Kerajinan Tenun Desa Sukarara
Air Terjun Benang Kelambu,Kerajinan Tenun Desa Sukarara
Desa Setanggor,Kerajinan Tenun Desa Sukarara
Taman Langit,Kerajinan Tenun Desa Sukarara
Kerajinan Tenun Desa Sukarara,Air Terjun Benang Kelambu
Taman Wisata Alam Suranadi,Air Terjun Benang Kelambu
Taman Wisata Pusuk Sembalun,Air Terjun Benang Kelambu
Bukit Malaka,Air Terjun Sendang Gile
Taman Wisata Pusuk Sembalun,Air Terjun Sendang Gile
Taman Wisata Alam Suranadi,Air Terjun Sendang Gile
Air Terjun Sendang Gile,Taman Wisata Pusuk Sembalun
Air Terjun Benang Kelambu,Taman Wisata Pusuk Sembalun
Pantai Malimbu,Taman Wisata Alam Suranadi
Pantai Kerandangan,Taman Wisata Alam Suranadi
Islamic Center NTB,Taman Wisata Alam Suranadi
Kerajinan Tenun Desa Sukarara,Taman Wisata Alam Suranadi
Air Terjun Benang Kelambu,Taman Wisata Alam Suranadi
Rumah Adat Karang Bayan,Taman Wisata Alam Suranadi
Wisata Alam Aiknyet,Taman Wisata Alam Suranadi
Air Terjun Sendang Gile,Taman Wisata Alam Suranadi
Taman Wisata Alam Suranadi,Rumah Adat Karang Bayan
Islamic Center NTB,Rumah Adat Karang Bayan
Taman Langit,Rumah Adat Karang Bayan
Pantai Malimbu,Gili Air
Gili Meno,Gili Air
Bukit Malaka, Gili Air
Gili Trawangan,Gili Meno
Gili Meno,Gili Trawangan
